Billing Company,Origin,Destination,,,,,,Employeed Company,,
DREW,Ameriwaste,AJ,,10,103,,,WB Services,,4
DREW,Cockeysville,Bresco,,231,226,,,,,
DREW,Cockeysville,Charles City,,231,106,,,,,
DREW,Cockeysville,Greencastle,,231,118,,,Billing comp,,
DREW,Cockeysville,Mid Pen,,231,90,,,Drew,,5
DREW,Curtis Creek,AJ,,20,103,,,,,
DREW,Curtis Creek,Bresco,,20,226,,,,,
DREW,Curtis Creek,King George,,20,75,,,WB subcon,,185
DREW,Eastern,AJ,,25,103,,,,,
DREW,Eastern,Bresco,,25,226,,,,,
DREW,Eastern,Mid Pen,,25,90,,,,,
DREW,Greencastle,Kit Kat,,35,123,,,,,
DREW,Hunterdon,Fairless ,,40,392,,,,,
